Price,Close,Log_Return
Ticker,TSLA,
Date,,
2020-01-02,28.68400001525879,
2020-01-03,29.534000396728516,0.02920267893223429
2020-01-06,30.1026668548584,0.019071612174755247
2020-01-07,31.270666122436523,0.03806670586808656
2020-01-08,32.80933380126953,0.048032568493066904
2020-01-09,32.089332580566406,-0.022189385476863444
2020-01-10,31.876667022705078,-0.006649355680979626
2020-01-13,34.990665435791016,0.09320702322102224
2020-01-14,35.861331939697266,0.024578286172624794
2020-01-15,34.56666564941406,-0.03676981311758122
2020-01-16,34.232666015625,-0.00970946227670784
2020-01-17,34.03333282470703,-0.005839913304383257
2020-01-21,36.47999954223633,0.06942373110021945
2020-01-22,37.97066879272461,0.04004983514491321
2020-01-23,38.14666748046875,0.004624413044606698
2020-01-24,37.654666900634766,-0.012981499419033645
2020-01-27,37.201332092285156,-0.012112331857897394
2020-01-28,37.793331146240234,0.01578809278786119
2020-01-29,38.732666015625,0.02455066473079113
2020-01-30,42.72066879272461,0.09799952270077929
2020-01-31,43.371334075927734,0.015115867923964223
2020-02-03,52.0,0.18144500086765858
2020-02-04,59.137332916259766,0.1286186970285338
2020-02-05,48.97999954223633,-0.18845037343186985
2020-02-06,49.930667877197266,0.019223358515689473
2020-02-07,49.871334075927734,-0.0011890304222129079
2020-02-10,51.41866683959961,0.030554904345579816
2020-02-11,51.62533187866211,0.0040112052857509935
2020-02-12,51.15266799926758,-0.009197828567077742
2020-02-13,53.599998474121094,0.04673438827304504
2020-02-14,53.33533477783203,-0.004949986662921484
2020-02-18,57.22666549682617,0.0704209168261074
2020-02-19,61.16133117675781,0.06649517653196184
2020-02-20,59.96066665649414,-0.019826354777620056
2020-02-21,60.06666564941406,0.0017662480443414094
2020-02-24,55.58599853515625,-0.07752369493467591
2020-02-25,53.32733154296875,-0.041482357972054684
2020-02-26,51.91999816894531,-0.026744949535016983
2020-02-27,45.266666412353516,-0.13713311629061195
2020-02-28,44.53266525268555,-0.016347950327421108
2020-03-02,49.574668884277344,0.1072570247859105
2020-03-03,49.70066833496094,0.0025383850988232293
2020-03-04,49.96666717529297,0.005337746224066965
2020-03-05,48.30266571044922,-0.033869376791647296
2020-03-06,46.89866638183594,-0.029497510135476336
2020-03-09,40.53333282470703,-0.14586457137702016
2020-03-10,43.02199935913086,0.059586929551683376
2020-03-11,42.28200149536133,-0.01735009892797303
2020-03-12,37.369998931884766,-0.12349328402408655
2020-03-13,36.44133377075195,-0.02516454136147571
2020-03-16,29.67133331298828,-0.20552230217550044
2020-03-17,28.68000030517578,-0.03398134500612111
2020-03-18,24.08133316040039,-0.17476304366003273
2020-03-19,28.50933265686035,0.16879451260286096
2020-03-20,28.50200080871582,-0.00025720668994270134
2020-03-23,28.952667236328125,0.015688043665694176
2020-03-24,33.66666793823242,0.15084593365171223
2020-03-25,35.95000076293945,0.06562083944686455
2020-03-26,35.21066665649414,-0.0207800386755252
2020-03-27,34.29066848754883,-0.026475805312348537
2020-03-30,33.47533416748047,-0.024064387275638185
2020-03-31,34.93333435058594,0.04263263821287683
2020-04-01,32.104000091552734,-0.08446087652228773
2020-04-02,30.29800033569336,-0.057898921000518445
2020-04-03,32.000667572021484,0.05467504939194526
2020-04-06,34.41600036621094,0.07276481895829454
2020-04-07,36.36333465576172,0.05503939414254686
2020-04-08,36.589332580566406,0.006195761068727163
2020-04-09,38.20000076293945,0.043078797207400474
2020-04-13,43.39666748046875,0.12754711640906993
2020-04-14,47.32600021362305,0.0866771798728856
2020-04-15,48.65533447265625,0.02770162075738181
2020-04-16,49.680667877197266,0.020854428493631318
2020-04-17,50.259334564208984,0.011580411041559343
2020-04-20,49.75733184814453,-0.010038465581097953
2020-04-21,45.781333923339844,-0.08328137479063667
2020-04-22,48.807334899902344,0.06400415510269586
2020-04-23,47.04199981689453,-0.036839791089286374
2020-04-24,48.34333419799805,0.02728753098899391
2020-04-27,53.25,0.09666945779957149
2020-04-28,51.27466583251953,-0.037801017814305886
2020-04-29,53.367332458496094,0.040002020280935593
2020-04-30,52.12533187866211,-0.023547759980736722
2020-05-01,46.75466537475586,-0.10873700220740792
2020-05-04,50.74599838256836,0.0819187203405193
2020-05-05,51.2140007019043,0.009180180665024101
2020-05-06,52.172000885009766,0.018533023597782732
2020-05-07,52.00266647338867,-0.003250973870209664
2020-05-08,54.62799835205078,0.04925154604829151
2020-05-11,54.08599853515625,-0.009971196406895207
2020-05-12,53.96066665649414,-0.0023199593370761967
2020-05-13,52.73066711425781,-0.02305818093053759
2020-05-14,53.55533218383789,0.015518160889563192
2020-05-15,53.27799987792969,-0.005191880165631997
2020-05-18,54.242000579833984,0.01793204109959487
2020-05-19,53.867332458496094,-0.0069313094591098995
2020-05-20,54.37066650390625,0.00930057241369536
2020-05-21,55.17333221435547,0.014654934735012084
2020-05-22,54.45866775512695,-0.013037700356063059
2020-05-26,54.591331481933594,0.002433081947381517
2020-05-27,54.68199920654297,0.001659467041868106
2020-05-28,53.72066879272461,-0.017736751939729612
2020-05-29,55.66666793823242,0.035583725409644835
2020-06-01,59.87333297729492,0.07284966703702293
2020-06-02,58.770668029785156,-0.018588326218028427
2020-06-03,58.86399841308594,0.0015867839932886055
2020-06-04,57.62533187866211,-0.02126741082055923
2020-06-05,59.04399871826172,0.024320646383694
2020-06-08,63.327999114990234,0.07004464847857836
2020-06-09,62.711334228515625,-0.00978535494822048
2020-06-10,68.336669921875,0.08590431690632504
2020-06-11,64.85600280761719,-0.052277046427824686
2020-06-12,62.35200119018555,-0.03937370329089697
2020-06-15,66.05999755859375,0.05776761532071402
2020-06-16,65.47533416748047,-0.008889888882897297
2020-06-17,66.11933135986328,0.009787666254598352
2020-06-18,66.9306640625,0.012196058432993926
2020-06-19,66.72666931152344,-0.003052506049991116
2020-06-22,66.28800201416016,-0.006595797039905825
2020-06-23,66.78533172607422,0.007474555771254048
2020-06-24,64.0566635131836,-0.04171541244464825
2020-06-25,65.73200225830078,0.025817844628587844
2020-06-26,63.982666015625,-0.02697370050614223
2020-06-29,67.29000091552734,0.05039944763683731
2020-06-30,71.98733520507812,0.06747855280845434
2020-07-01,74.64199829101562,0.036213124954005624
2020-07-02,80.57733154296875,0.07651403502187115
2020-07-06,91.43866729736328,0.12645108117682743
2020-07-07,92.65733337402344,0.01323965619758905
2020-07-08,91.05867004394531,-0.017404076436543424
2020-07-09,92.9520034790039,0.020579243780394125
2020-07-10,102.97666931152344,0.10241918272489342
2020-07-13,99.80400085449219,-0.031294179797161696
2020-07-14,101.12000274658203,0.013099686323903579
2020-07-15,103.06732940673828,0.019074500672006927
2020-07-16,100.04266357421875,-0.029785727485036655
2020-07-17,100.05599975585938,0.00013329605943815782
2020-07-20,109.53333282470703,0.09049888548491682
2020-07-21,104.55733489990234,-0.04649333201590645
2020-07-22,106.15533447265625,0.015167860710440668
2020-07-23,100.87133026123047,-0.05105769412846385
2020-07-24,94.46666717529297,-0.06559870288489437
2020-07-27,102.63999938964844,0.08298067038819532
2020-07-28,98.43267059326172,-0.04185494718429495
2020-07-29,99.94066619873047,0.01520390470417943
2020-07-30,99.16600036621094,-0.007781454581928156
2020-07-31,95.38400268554688,-0.038884339639871014
2020-08-03,99.0,0.03720897247565101
2020-08-04,99.13333129882812,0.0013458747004375454
2020-08-05,99.00133514404297,-0.0013323884879125765
2020-08-06,99.30533599853516,0.0030659693985973365
2020-08-07,96.84733581542969,-0.025063424630081085
2020-08-10,94.57133483886719,-0.023781465364230404
2020-08-11,91.6259994506836,-0.03163934754750347
2020-08-12,103.65066528320312,0.12331118921207428
2020-08-13,108.06666564941406,0.04172205380429948
2020-08-14,110.04733276367188,0.018162259872136134
2020-08-17,122.3759994506836,0.10618769683979797
2020-08-18,125.80599975585938,0.02764276800974182
2020-08-19,125.23533630371094,-0.0045463782503080055
2020-08-20,133.45533752441406,0.0635722137952821
2020-08-21,136.6653289794922,0.023768211540485355
2020-08-24,134.27999877929688,-0.017607920006301417
2020-08-25,134.8893280029297,0.004527486632740915
2020-08-26,143.54466247558594,0.0621915738853809
2020-08-27,149.25,0.03897652873348478
2020-08-28,147.55999755859375,-0.01138789608941323
2020-08-31,166.10667419433594,0.11839534141276628
2020-09-01,158.35000610351562,-0.04782238606695396
2020-09-02,149.1233367919922,-0.060034084286439256
2020-09-03,135.6666717529297,-0.0945727929773044
2020-09-04,139.44000244140625,0.02743348445504921
2020-09-08,110.06999969482422,-0.23651789445767657
2020-09-09,122.09333038330078,0.10366923114657202
2020-09-10,123.77999877929688,0.013720031040026988
2020-09-11,124.23999786376953,0.003709375196707332
2020-09-14,139.8733367919922,0.11852211424147706
2020-09-15,149.9199981689453,0.06936453038904387
2020-09-16,147.25332641601562,-0.017947393738460667
2020-09-17,141.14332580566406,-0.04237854336559032
2020-09-18,147.38333129882812,0.04326101937694436
2020-09-21,149.79666137695312,0.016241895082045352
2020-09-22,141.41000366210938,-0.05761528541471742
2020-09-23,126.78666687011719,-0.10915761260898618
2020-09-24,129.26333618164062,0.019345803747202597
2020-09-25,135.77999877929688,0.0491842305281949
2020-09-28,140.39999389648438,0.033459528236176775
2020-09-29,139.69000244140625,-0.005069748902601041
2020-09-30,143.00332641601562,0.023442192423042928
2020-10-01,149.3866729736328,0.043670173422939704
2020-10-02,138.3633270263672,-0.07665503512528221
2020-10-05,141.89332580566406,0.025192518630920653
2020-10-06,137.9933319091797,-0.02787018407731412
2020-10-07,141.76666259765625,0.026977120398229415
2020-10-08,141.97332763671875,0.0014567215247855486
2020-10-09,144.6666717529297,0.018793074176697643
2020-10-12,147.43333435058594,0.018943822515122916
2020-10-13,148.88333129882812,0.009786884708723409
2020-10-14,153.76666259765625,0.032273287618783654
2020-10-15,149.6266632080078,-0.02729299577407529
2020-10-16,146.55667114257812,-0.020731092265373598
2020-10-19,143.61000061035156,-0.020310891071385614
2020-10-20,140.64666748046875,-0.020850455371877373
2020-10-21,140.8800048828125,0.0016576578966101716
2020-10-22,141.92999267578125,0.007425427859397711
2020-10-23,140.2100067138672,-0.01219258008931434
2020-10-26,140.0933380126953,-0.0008324460631960825
2020-10-27,141.55999755859375,0.010414737676610572
2020-10-28,135.33999633789062,-0.04493353448533056
2020-10-29,136.94332885742188,0.011777078527549948
2020-10-30,129.34666442871094,-0.05707106115006527
2020-11-02,133.50332641601562,0.03163027338080621
2020-11-03,141.3000030517578,0.05675891678442002
2020-11-04,140.32666015625,-0.0069123197353376745
2020-11-05,146.02999877929688,0.03983908014025376
2020-11-06,143.31666564941406,-0.018755444602258167
2020-11-09,140.4199981689453,-0.020418708541599162
2020-11-10,136.7866668701172,-0.026215382510501505
2020-11-11,139.0433349609375,0.016363110813065698
2020-11-12,137.25332641601562,-0.012957330573612593
2020-11-13,136.1666717529297,-0.007948653293047676
2020-11-16,136.02999877929688,-0.0010042223136041864
2020-11-17,147.20333862304688,0.07893944622909929
2020-11-18,162.2133331298828,0.09709745318946535
2020-11-19,166.42333984375,0.025622441945055478
2020-11-20,163.20333862304688,-0.019537882465358328
2020-11-23,173.9499969482422,0.06377098448424992
2020-11-24,185.1266632080078,0.0622723727366544
2020-11-25,191.3333282470703,0.03297682427747412
2020-11-27,195.25332641601562,0.02028074420821668
2020-11-30,189.1999969482422,-0.03149318478843732
2020-12-01,194.9199981689453,0.029784568093447848
2020-12-02,189.60667419433594,-0.02763741793314288
2020-12-03,197.7933349609375,0.04227093212295058
2020-12-04,199.67999267578125,0.009493325730045684
2020-12-07,213.9199981689453,0.068886056292822
2020-12-08,216.6266632080078,0.012573321033348567
2020-12-09,201.4933319091797,-0.07241913725041024
2020-12-10,209.02333068847656,0.03668958724599977
2020-12-11,203.3300018310547,-0.027615591895456065
2020-12-14,213.27667236328125,0.04775997018342951
2020-12-15,211.0833282470703,-0.010337277993335172
2020-12-16,207.58999633789062,-0.016688013184044656
2020-12-17,218.63333129882812,0.05183107739238726
2020-12-18,231.6666717529297,0.05790353852575241
2020-12-21,216.6199951171875,-0.06715493498509616
2020-12-22,213.44667053222656,-0.01475762913420309
2020-12-23,215.32666015625,0.00876920991536227
2020-12-24,220.58999633789062,0.024149533626973363
2020-12-28,221.22999572753906,0.0028971067347807124
2020-12-29,221.99667358398438,0.0034595328945027123
2020-12-30,231.5933380126953,0.04232058232357712
2020-12-31,235.22332763671875,0.015552413007484785
2021-01-04,243.2566680908203,0.03358173995604568
2021-01-05,245.0366668701172,0.007290726849836652
2021-01-06,251.9933319091797,0.027994766442436515
2021-01-07,272.0133361816406,0.07644846869014829
2021-01-08,293.3399963378906,0.07548123816080572
2021-01-11,270.39666748046875,-0.08144231364811663
2021-01-12,283.14666748046875,0.046075003355075396
2021-01-13,284.8033447265625,0.00583390055163722
2021-01-14,281.6666564941406,-0.011074621019438693
2021-01-15,275.38665771484375,-0.02254816438492551
2021-01-19,281.51666259765625,0.022015499815695144
2021-01-20,283.48333740234375,0.00696170884124915
2021-01-21,281.663330078125,-0.006440854103183227
2021-01-22,282.21331787109375,0.0019507385857471659
2021-01-25,293.6000061035156,0.039555086200732226
2021-01-26,294.36334228515625,0.002596544878530684
2021-01-27,288.0533447265625,-0.021669174678462418
2021-01-28,278.4766540527344,-0.033811459334112025
2021-01-29,264.510009765625,-0.051455133708131096
2021-02-01,279.9366760253906,0.05668432585298431
2021-02-02,290.92999267578125,0.03851924269165984
2021-02-03,284.89666748046875,-0.020956118951172036
2021-02-04,283.3299865722656,-0.005514295631595512
2021-02-05,284.07666015625,0.002631883215661463
2021-02-08,287.8066711425781,0.013044842106937113
2021-02-09,283.1533203125,-0.016300455142510474
2021-02-10,268.2733459472656,-0.053982110546516617
2021-02-11,270.5533447265625,0.008462878423046197
2021-02-12,272.0400085449219,0.005479859012751231
2021-02-16,265.40667724609375,-0.024685864957400334
2021-02-17,266.04998779296875,0.0024209343993348833
2021-02-18,262.4599914550781,-0.01358555824881115
2021-02-19,260.4333190917969,-0.007751801260508434
2021-02-22,238.1666717529297,-0.08937612559287707
2021-02-23,232.94667053222656,-0.022161184525391956
2021-02-24,247.33999633789062,0.059954347975619646
2021-02-25,227.4066619873047,-0.08402401628244031
2021-02-26,225.1666717529297,-0.009898985904473094
2021-03-01,239.47666931152344,0.061615106636751404
2021-03-02,228.81333923339844,-0.04554943930628858
2021-03-03,217.73333740234375,-0.04963546753524194
2021-03-04,207.14666748046875,-0.04984401019282242
2021-03-05,199.31666564941406,-0.03853223628041701
2021-03-08,187.6666717529297,-0.06022747806878096
2021-03-09,224.52667236328125,0.17932714140524914
2021-03-10,222.68666076660156,-0.008228833280182691
2021-03-11,233.1999969482422,0.046130766690605556
2021-03-12,231.2433319091797,-0.008425900400429927
2021-03-15,235.97999572753906,0.02027649657712341
2021-03-16,225.6266632080078,-0.04486533694757771
2021-03-17,233.93666076660156,0.03616869761350537
2021-03-18,217.72000122070312,-0.07184055905976201
2021-03-19,218.2899932861328,0.002614584056873359
2021-03-22,223.3333282470703,0.02284097771296026
2021-03-23,220.72000122070312,-0.011770465503008509
2021-03-24,210.08999633789062,-0.04935894253519092
2021-03-25,213.4633331298828,0.015929083234572167
2021-03-26,206.23666381835938,-0.034440713289359076
2021-03-29,203.76333618164062,-0.012065159218404247
2021-03-30,211.8733367919922,0.039029424523405194
2021-03-31,222.64332580566406,0.04958242699342897
2021-04-01,220.5833282470703,-0.00929552576717066
2021-04-05,230.35000610351562,0.043324388497766333
2021-04-06,230.5399932861328,0.0008244361718844317
2021-04-07,223.6566619873047,-0.03031223705748461
2021-04-08,227.93333435058594,0.018941076007001657
2021-04-09,225.67333984375,-0.009964638245883383
2021-04-12,233.9933319091797,0.03620406408291566
2021-04-13,254.10667419433594,0.0824615371588125
2021-04-14,244.07666015625,-0.04027179907894094
2021-04-15,246.28334045410156,0.009000306677510112
2021-04-16,246.5933380126953,0.001257911412789418
2021-04-19,238.2100067138672,-0.034587909254449344
2021-04-20,239.663330078125,0.006082481415169929
2021-04-21,248.0399932861328,0.03435484924604316
2021-04-22,239.89666748046875,-0.03338171795091616
2021-04-23,243.13333129882812,0.01340170287553078
2021-04-26,246.06666564941406,0.011992516455123612
2021-04-27,234.913330078125,-0.046385859854230695
2021-04-28,231.46665954589844,-0.014780794025162398
2021-04-29,225.6666717529297,-0.02537683713134589
2021-04-30,236.47999572753906,0.04680461290993818
2021-05-03,228.3000030517578,-0.035203052789871174
2021-05-04,224.53334045410156,-0.016636360929421883
2021-05-05,223.64666748046875,-0.003956776807325818
2021-05-06,221.17999267578125,-0.011090612633393284
2021-05-07,224.1233367919922,0.013219694470214068
2021-05-10,209.67999267578125,-0.0666139869184463
2021-05-11,205.73333740234375,-0.019001672485714396
2021-05-12,196.6300048828125,-0.04525703659502106
2021-05-13,190.56333923339844,-0.03133918628539079
2021-05-14,196.5800018310547,0.031084853734470938
2021-05-17,192.27667236328125,-0.02213414578006038
2021-05-18,192.6233367919922,0.0018013224952045325
2021-05-19,187.82000732421875,-0.025252562795766022
2021-05-20,195.5933380126953,0.040553601408475165
2021-05-21,193.6266632080078,-0.010105809239520404
2021-05-24,202.14666748046875,0.04306162202970284
2021-05-25,201.56333923339844,-0.002889839951081735
2021-05-26,206.3766632080078,0.023599290742317446
2021-05-27,210.28334045410156,0.018752900206065234
2021-05-28,208.4066619873047,-0.008964584890580543
2021-06-01,207.96665954589844,-0.002113500469111133
2021-06-02,201.7066650390625,-0.030563287475861584
2021-06-03,190.94667053222656,-0.05482031154624073
2021-06-04,199.68333435058594,0.04473860632554917
2021-06-07,201.7100067138672,0.010098272085864791
2021-06-08,201.19667053222656,-0.0025481655598922595
2021-06-09,199.5933380126953,-0.008000903407653626
2021-06-10,203.3733367919922,0.018761400839628444
2021-06-11,203.29666137695312,-0.00037708912038201647
2021-06-14,205.89666748046875,0.012708130416930218
2021-06-15,199.7866668701172,-0.03012429716067012
2021-06-16,201.6233367919922,0.009151155788618984
2021-06-17,205.53334045410156,0.0192069740346885
2021-06-18,207.77000427246094,0.010823457790850165
2021-06-21,206.94332885742188,-0.003986737073227676
2021-06-22,207.90333557128906,0.004628256702323586
2021-06-23,218.85667419433594,0.051343820984031875
2021-06-24,226.60667419433594,0.03479874196476401
2021-06-25,223.9566650390625,-0.011763228305736152
2021-06-28,229.57333374023438,0.02476994196174637
2021-06-29,226.9199981689453,-0.011624991064809973
2021-06-30,226.56666564941406,-0.0015582931945795787
2021-07-01,225.97332763671875,-0.00262225819371756
2021-07-02,226.3000030517578,0.001444593124038416
2021-07-06,219.86000061035156,-0.028870583198134143
2021-07-07,214.88333129882812,-0.02289574720602526
2021-07-08,217.60333251953125,0.01257859403128338
2021-07-09,218.98333740234375,0.006321812249024031
2021-07-12,228.56666564941406,0.042832279170544656
2021-07-13,222.84666442871094,-0.02534398967789286
2021-07-14,217.7933349609375,-0.02293732311171139
2021-07-15,216.86666870117188,-0.004263873629526309
2021-07-16,214.74000549316406,-0.009854715165981626
2021-07-19,215.4066619873047,0.003099673103658058
2021-07-20,220.1666717529297,0.021857165705963834
2021-07-21,218.42999267578125,-0.007919294852611359
2021-07-22,216.4199981689453,-0.00924460786068585
2021-07-23,214.4600067138672,-0.009097683584931696
2021-07-26,219.2066650390625,0.02189168871378688
2021-07-27,214.92666625976562,-0.019718078031379437
2021-07-28,215.66000366210938,0.0034062276545409947
2021-07-29,225.78334045410156,0.04587275846182932
2021-07-30,229.06666564941406,0.014437208664382839
2021-08-02,236.55667114257812,0.03217472594711166
2021-08-03,236.5800018310547,9.862134908657855e-05
2021-08-04,236.97332763671875,0.001661168327351945
2021-08-05,238.2100067138672,0.005205072568156722
2021-08-06,233.03334045410156,-0.021971130346089583
2021-08-09,237.9199981689453,0.02075293960905606
2021-08-10,236.663330078125,-0.005295892009324611
2021-08-11,235.94000244140625,-0.003061037245157465
2021-08-12,240.75,0.020181504916966016
2021-08-13,239.05667114257812,-0.0070584091033222005
2021-08-16,228.72332763671875,-0.04418754471286682
2021-08-17,221.90333557128906,-0.03027123516946714
2021-08-18,229.663330078125,0.03437259258571844
2021-08-19,224.49000549316406,-0.022783267048393844
2021-08-20,226.75332641601562,0.010031571629142592
2021-08-23,235.43333435058594,0.03756503320848795
2021-08-24,236.163330078125,0.0030958501857263057
2021-08-25,237.06666564941406,0.0038177489873267093
2021-08-26,233.72000122070312,-0.014217568331421088
2021-08-27,237.30667114257812,0.015229452832627683
2021-08-30,243.6366729736328,0.026324794631827943
2021-08-31,245.24000549316406,0.0065592749200010505
2021-09-01,244.69667053222656,-0.002217981262751364
2021-09-02,244.1300048828125,-0.00231847373209337
2021-09-03,244.52333068847656,0.0016098361025145228
2021-09-07,250.97332763671875,0.026035942688487673
2021-09-08,251.2899932861328,0.0012609548743898497
2021-09-09,251.6199951171875,0.001312369553312357
2021-09-10,245.42333984375,-0.024935356375548032
2021-09-13,247.6666717529297,0.009099139444443169
2021-09-14,248.163330078125,0.002003341828722264
2021-09-15,251.94332885742188,0.015117058319369686
2021-09-16,252.3300018310547,0.0015335851645735571
2021-09-17,253.163330078125,0.0032970919669145526
2021-09-20,243.38999938964844,-0.03936976129858423
2021-09-21,246.4600067138672,0.012534643183807646
2021-09-22,250.64666748046875,0.01684451236014587
2021-09-23,251.2133331298828,0.002258262820491851
2021-09-24,258.1300048828125,0.027160841972020323
2021-09-27,263.78668212890625,0.021677401377557137
2021-09-28,259.1866760253906,-0.017592195347548873
2021-09-29,260.4366760253906,0.0048111864344248965
2021-09-30,258.49334716796875,-0.0074897880450971975
2021-10-01,258.40667724609375,-0.00033534501293734615
2021-10-04,260.510009765625,0.008106673348889567
2021-10-05,260.1966552734375,-0.0012035741082394261
2021-10-06,260.9166564941406,0.002763320999873195
2021-10-07,264.53668212890625,0.01377889392912291
2021-10-08,261.8299865722656,-0.010284539562274665
2021-10-11,263.9800109863281,0.008177997401230774
2021-10-12,268.5733337402344,0.01725061613832015
2021-10-13,270.3599853515625,0.006630349593761303
2021-10-14,272.7733459472656,0.008886865672994949
2021-10-15,281.010009765625,0.02974907491710917
2021-10-18,290.03668212890625,0.03161711443997285
2021-10-19,288.0899963378906,-0.006734486474692475
2021-10-20,288.6000061035156,0.0017687488821671587
2021-10-21,298.0,0.03205181901693134
2021-10-22,303.2266540527344,0.017387072543931938
2021-10-25,341.6199951171875,0.11921843486746743
2021-10-26,339.4766540527344,-0.0062938149592970775
2021-10-27,345.9533386230469,0.018898727534898532
2021-10-28,359.0133361816406,0.03705562944417333
2021-10-29,371.3333435058594,0.03374062327713504
2021-11-01,402.86334228515625,0.08149724419582528
2021-11-02,390.6666564941406,-0.03074274797958024
2021-11-03,404.6199951171875,0.03509368755165895
2021-11-04,409.9700012207031,0.01313564628546233
2021-11-05,407.36334228515625,-0.006378469186125081
2021-11-08,387.64666748046875,-0.04961124617557869
2021-11-09,341.1666564941406,-0.12772318728902374
2021-11-10,355.98333740234375,0.04251283809069096
2021-11-11,354.5033264160156,-0.0041661953768667185
2021-11-12,344.47332763671875,-0.028701065279561472
2021-11-15,337.7966613769531,-0.01957254315692035
2021-11-16,351.57666015625,0.03998366090579434
2021-11-17,363.0033264160156,0.031984216103858806
2021-11-18,365.4599914550781,0.006744812791821567
2021-11-19,379.0199890136719,0.03643213445735007
2021-11-22,385.6233215332031,0.017272096909531555
2021-11-23,369.6766662597656,-0.04223229344871564
2021-11-24,372.0,0.006265105659810634
2021-11-26,360.6400146484375,-0.031013582803841335
2021-11-29,378.9966735839844,0.04964715675134432
2021-11-30,381.586669921875,0.006810578672784683
2021-12-01,365.0,-0.044440653310942796
2021-12-02,361.5333251953125,-0.009543130353379798
2021-12-03,338.3233337402344,-0.0663521763056877
2021-12-06,336.336669921875,-0.005889394805839068
2021-12-07,350.5833435058594,0.04148581070093519
2021-12-08,356.32000732421875,0.016230761245708623
2021-12-09,334.6000061035156,-0.06289341727027524
2021-12-10,339.010009765625,0.013093827482800639
2021-12-13,322.13665771484375,-0.051053775924629424
2021-12-14,319.5033264160156,-0.008208173270999982
2021-12-15,325.3299865722656,0.018072325435531507
2021-12-16,308.97332763671875,-0.051585055672323236
2021-12-17,310.8566589355469,0.006076947341899706
2021-12-20,299.9800109863281,-0.03561605979548491
2021-12-21,312.84332275390625,0.04198665654283043
2021-12-22,336.2900085449219,0.07227140942458773
2021-12-23,355.6666564941406,0.05602002567418564
2021-12-27,364.64666748046875,0.02493491640225287
2021-12-28,362.8233337402344,-0.0050128185500081576
2021-12-29,362.0633239746094,-0.002096907250306926
2021-12-30,356.7799987792969,-0.014699782732613053
2021-12-31,352.260009765625,-0.012749774874751605
2022-01-03,399.9266662597656,0.1269116289226746
2022-01-04,383.1966552734375,-0.04273287830059682
2022-01-05,362.7066650390625,-0.054953895352910696
2022-01-06,354.8999938964844,-0.021758379841487693
2022-01-07,342.32000732421875,-0.03609004895021842
2022-01-10,352.7066650390625,0.029890740749494566
2022-01-11,354.79998779296875,0.005917481776156395
2022-01-12,368.739990234375,0.03853754612843837
2022-01-13,343.85333251953125,-0.06987655465675016
2022-01-14,349.8699951171875,0.017346435457551865
2022-01-18,343.5033264160156,-0.018364847454341894
2022-01-19,331.8833312988281,-0.03441330009854252
2022-01-20,332.0899963378906,0.000622510083264904
2022-01-21,314.6333312988281,-0.0539980722931419
2022-01-24,310.0,-0.014835635717323473
2022-01-25,306.1333312988281,-0.012551567227813773
2022-01-26,312.4700012207031,0.02048773822340817
2022-01-27,276.3666687011719,-0.12277997465910719
2022-01-28,282.1166687011719,0.02059221036289143
2022-01-31,312.239990234375,0.10145138741776683
2022-02-01,310.4166564941406,-0.005856643341232021
2022-02-02,301.88665771484375,-0.02786380690498853
2022-02-03,297.0466613769531,-0.016162405874435497
2022-02-04,307.7733459472656,0.035474386816493036
2022-02-07,302.4466552734375,-0.017458706575610557
2022-02-08,307.3333435058594,0.016028052271245364
2022-02-09,310.6666564941406,0.010787525285489406
2022-02-10,301.51666259765625,-0.0298952129692807
2022-02-11,286.6666564941406,-0.050505215210130634
2022-02-14,291.9200134277344,0.018159773032297852
2022-02-15,307.4766540527344,0.05191932445845771
2022-02-16,307.7966613769531,0.0010402120327626255
2022-02-17,292.1166687011719,-0.05228610180162916
2022-02-18,285.6600036621094,-0.022350967561475237
2022-02-22,273.84332275390625,-0.04224617718140919
2022-02-23,254.67999267578125,-0.07254830168258311
2022-02-24,266.92333984375,0.04695367409397792
2022-02-25,269.9566650390625,0.011299945777284081
2022-02-28,290.1433410644531,0.07211363413565586
2022-03-01,288.1233215332031,-0.006986492144572377
2022-03-02,293.2966613769531,0.01779600470296842
2022-03-03,279.7633361816406,-0.04724057511561311
2022-03-04,279.42999267578125,-0.0011922300504741562
2022-03-07,268.1933288574219,-0.04104369101185902
2022-03-08,274.79998779296875,0.024335419149005895
2022-03-09,286.3233337402344,0.04107819387010212
2022-03-10,279.4333190917969,-0.024358017786858904
2022-03-11,265.1166687011719,-0.05259370365966602
2022-03-14,255.4566650390625,-0.03711720154932235
2022-03-15,267.2966613769531,0.04530634609366675
2022-03-16,280.07666015625,0.046704219074345354
2022-03-17,290.5333251953125,0.03665493442277862
2022-03-18,301.7966613769531,0.03803519751155836
2022-03-21,307.0533447265625,0.017268009913468576
2022-03-22,331.32666015625,0.0760832835953988
2022-03-23,333.03668212890625,0.005147863044765912
2022-03-24,337.97332763671875,0.014714339594958641
2022-03-25,336.8800048828125,-0.003240181703986614
2022-03-28,363.9466552734375,0.07728050710253655
2022-03-29,366.5233459472656,0.007054913567225325
2022-03-30,364.663330078125,-0.005087674440050588
2022-03-31,359.20001220703125,-0.01509517416561853
2022-04-01,361.5299987792969,0.006465651918934319
2022-04-04,381.8166809082031,0.05459557817973847
2022-04-05,363.7533264160156,-0.048464637280470575
2022-04-06,348.586669921875,-0.042589069768463106
2022-04-07,352.4200134277344,0.01093679078037125
2022-04-08,341.8299865722656,-0.030510186068030958
2022-04-11,325.30999755859375,-0.049534931817513166
2022-04-12,328.98333740234375,0.01122853693277581
2022-04-13,340.7900085449219,0.03525937358618668
2022-04-14,328.3333435058594,-0.03723709338922126
2022-04-18,334.7633361816406,0.01939443951963136
2022-04-19,342.7166748046875,0.023480261839117743
2022-04-20,325.73333740234375,-0.05082502163771964
2022-04-21,336.260009765625,0.03180563608534794
2022-04-22,335.01666259765625,-0.003704429607069112
2022-04-25,332.67333984375,-0.007019222592886596
2022-04-26,292.1400146484375,-0.1299278575282087
2022-04-27,293.836669921875,0.005790878918745771
2022-04-28,292.5033264160156,-0.004548029513557434
2022-04-29,290.2533264160156,-0.007721957937068309
2022-05-02,300.9800109863281,0.03628977282780161
2022-05-03,303.0833435058594,0.006963974902024329
2022-05-04,317.5400085449219,0.04659599279666411
2022-05-05,291.09332275390625,-0.08695990905101429
2022-05-06,288.54998779296875,-0.00877557365586079
2022-05-09,262.3699951171875,-0.0951126361970946
2022-05-10,266.67999267578125,0.016293707630266798
2022-05-11,244.6666717529297,-0.08615264955046516
2022-05-12,242.6666717529297,-0.008207980246495447
2022-05-13,256.5299987792969,0.05555683158900242
2022-05-16,241.4566650390625,-0.06055559591829793
2022-05-17,253.8699951171875,0.050132289582274676
2022-05-18,236.60333251953125,-0.07043726926027942
2022-05-19,236.47332763671875,-0.0005496144580126333
2022-05-20,221.3000030517578,-0.06631616117599509
2022-05-23,224.96665954589844,0.016432950581559483
2022-05-24,209.3866729736328,-0.07176955888757142
2022-05-25,219.60000610351562,0.04762508488803113
2022-05-26,235.91000366210938,0.07164265445291097
2022-05-27,253.2100067138672,0.0707688185938516
2022-05-31,252.75332641601562,-0.0018051917677216725
2022-06-01,246.7899932861328,-0.023876273341224673
2022-06-02,258.3333435058594,0.04571303469577831
2022-06-03,234.51666259765625,-0.09672413884722543
2022-06-06,238.27999877929688,0.01591980642197778
2022-06-07,238.8866729736328,0.002542820180630796
2022-06-08,241.86666870117188,0.012397350726358317
2022-06-09,239.7066650390625,-0.008970671737446728
2022-06-10,232.22999572753906,-0.0316877053198606
2022-06-13,215.73666381835938,-0.07366972655880115
2022-06-14,220.88999938964844,0.023606322357198544
2022-06-15,233.0,0.0533736162801124
2022-06-16,213.10000610351562,-0.08927688581957327
2022-06-17,216.75999450683594,0.017029157609637507
2022-06-21,237.0366668701172,0.08942411634475682
2022-06-22,236.086669921875,-0.004015858661335937
2022-06-23,235.07000732421875,-0.0043156097521520964
2022-06-24,245.7066650390625,0.04425503260828766
2022-06-27,244.9199981689453,-0.003206786761701394
2022-06-28,232.663330078125,-0.05133914578061633
2022-06-29,228.49000549316406,-0.018100003611393488
2022-06-30,224.47332763671875,-0.0177355774717728
2022-07-01,227.26333618164062,0.012352524133575146
2022-07-05,233.06666564941406,0.025215114905161356
2022-07-06,231.73333740234375,-0.00573722846648063
2022-07-07,244.5433349609375,0.05380522947187794
2022-07-08,250.76333618164062,0.02511707828484195
2022-07-11,234.3433380126953,-0.06772231414560198
2022-07-12,233.07000732421875,-0.005448427397798375
2022-07-13,237.0399932861328,0.016890005886123306
2022-07-14,238.31333923339844,0.005357484236889209
2022-07-15,240.06666564941406,0.007330299130864308
2022-07-18,240.54666137695312,0.001997430616818738
2022-07-19,245.52999877929688,0.020505045463666282
2022-07-20,247.5,0.007991447618970264
2022-07-21,271.7066650390625,0.09331246499887616
2022-07-22,272.24334716796875,0.0019732780255828208
2022-07-25,268.4333190917969,-0.014093787954092982
2022-07-26,258.8599853515625,-0.0363152186530825
2022-07-27,274.82000732421875,0.05982904612856656
2022-07-28,280.8999938964844,0.021882347827174065
2022-07-29,297.1499938964844,0.056238328890716484
2022-08-01,297.27667236328125,0.0004262206792024022
2022-08-02,300.586669921875,0.011072869479979633
2022-08-03,307.39666748046875,0.022402858626649376
2022-08-04,308.6333312988281,0.004014952135593356
2022-08-05,288.1700134277344,-0.0686033118290163
2022-08-08,290.42333984375,0.007789020718917544
2022-08-09,283.3333435058594,-0.0247155543645267
2022-08-10,294.3566589355469,0.03816806100817755
2022-08-11,286.6300048828125,-0.026599955270312267
2022-08-12,300.0299987792969,0.045690263130780645
2022-08-15,309.32000732421875,0.030493897831355556
2022-08-16,306.5633239746094,-0.008952025876518947
2022-08-17,303.9966735839844,-0.008407578354357605
2022-08-18,302.8699951171875,-0.0037131047703819653
2022-08-19,296.6666564941406,-0.02069451464936621
2022-08-22,289.913330078125,-0.023027123255798403
2022-08-23,296.4533386230469,0.02230781558771273
2022-08-24,297.0966796875,0.0021677745650455194
2022-08-25,296.07000732421875,-0.0034616690754643124
2022-08-26,288.0899963378906,-0.02732301898385137
2022-08-29,284.82000732421875,-0.011415491099770154
2022-08-30,277.70001220703125,-0.02531598923616216
2022-08-31,275.6099853515625,-0.007554668468041173
2022-09-01,277.1600036621094,0.005608200169827373
2022-09-02,270.2099914550781,-0.025395567131662106
2022-09-06,274.4200134277344,0.015460425583855752
2022-09-07,283.70001220703125,0.03325755641840769
2022-09-08,289.260009765625,0.019408586563541073
2022-09-09,299.67999267578125,0.035389242849343666
2022-09-12,304.4200134277344,0.015693156705112052
2022-09-13,292.1300048828125,-0.041209445573060305
2022-09-14,302.6099853515625,0.035245873940170286
2022-09-15,303.75,0.0037601953268899466
2022-09-16,303.3500061035156,-0.0013177201460770078
2022-09-19,309.07000732421875,0.018680537647816527
2022-09-20,308.7300109863281,-0.001100668054834369
2022-09-21,300.79998779296875,-0.026021592607865372
2022-09-22,288.5899963378906,-0.041438568478665415
2022-09-23,275.3299865722656,-0.04703665354268194
2022-09-26,276.010009765625,0.0024668028538151034
2022-09-27,282.94000244140625,0.024797737333229056
2022-09-28,287.80999755859375,0.017065662059063912
2022-09-29,268.2099914550781,-0.07053030781738932
2022-09-30,265.25,-0.011097446407076914
2022-10-03,242.39999389648438,-0.09008354847845335
2022-10-04,249.44000244140625,0.02862918608137619
2022-10-05,240.80999755859375,-0.035210184423729626
2022-10-06,238.1300048828125,-0.011191467132615623
2022-10-07,223.07000732421875,-0.06533110715825653
2022-10-10,222.9600067138672,-0.0004932430962923407
2022-10-11,216.5,-0.02940186584357689
2022-10-12,217.24000549316406,0.003412211010253521
2022-10-13,221.72000122070312,0.02041257160441261
2022-10-14,204.99000549316406,-0.07845410579918498
2022-10-17,219.35000610351562,0.06770743117966126
2022-10-18,220.19000244140625,0.003822165646732409
2022-10-19,222.0399932861328,0.008366694500343838
2022-10-20,207.27999877929688,-0.06878698522005931
2022-10-21,214.44000244140625,0.03395945997966481
2022-10-24,211.25,-0.014987724107085643
2022-10-25,222.4199981689453,0.051525211920993325
2022-10-26,224.63999938964844,0.009931639962148882
2022-10-27,225.08999633789062,0.0020011878357876823
2022-10-28,228.52000427246094,0.015123446596271723
2022-10-31,227.5399932861328,-0.004297734947231046
2022-11-01,227.82000732421875,0.0012298580156588981
2022-11-02,214.97999572753906,-0.05801089494975556
2022-11-03,215.30999755859375,0.0015338580999043428
2022-11-04,207.47000122070312,-0.03709208198225607
2022-11-07,197.0800018310547,-0.05137700982212229
2022-11-08,191.3000030517578,-0.029766854567743133
2022-11-09,177.58999633789062,-0.07436539035358274
2022-11-10,190.72000122070312,0.07132888823212645
2022-11-11,195.97000122070312,0.027155202242509627
2022-11-14,190.9499969482422,-0.02594999483044167
2022-11-15,194.4199981689453,0.018009160285334423
2022-11-16,186.9199981689453,-0.03934004993858786
2022-11-17,183.1699981689453,-0.020266034660649707
2022-11-18,180.19000244140625,-0.016402810087859467
2022-11-21,167.8699951171875,-0.07082202204033466
2022-11-22,169.91000366210938,0.012079065403443036
2022-11-23,183.1999969482422,0.07530952893106566
2022-11-25,182.86000061035156,-0.0018575995078746789
2022-11-28,182.9199981689453,0.00032805270562665304
2022-11-29,180.8300018310547,-0.011491515256992131
2022-11-30,194.6999969482422,0.07390252318127676
2022-12-01,194.6999969482422,0.0
2022-12-02,194.86000061035156,0.0008214584254523483
2022-12-05,182.4499969482422,-0.06580520897353867
2022-12-06,179.82000732421875,-0.01451975486845227
2022-12-07,174.0399932861328,-0.03267127201155782
2022-12-08,173.44000244140625,-0.003453386948248274
2022-12-09,179.0500030517578,0.03183338116095202
2022-12-12,167.82000732421875,-0.06477309340338366
2022-12-13,160.9499969482422,-0.04179828130131225
2022-12-14,156.8000030517578,-0.02612261140486262
2022-12-15,157.6699981689453,0.005533102257132837
2022-12-16,150.22999572753906,-0.04833680500131505
2022-12-19,149.8699951171875,-0.0023992055582815475
2022-12-20,137.8000030517578,-0.08396483835074355
2022-12-21,137.57000732421875,-0.0016704490129968075
2022-12-22,125.3499984741211,-0.09302311928148893
2022-12-23,123.1500015258789,-0.017706675474399133
2022-12-27,109.0999984741211,-0.12113825810398889
2022-12-28,112.70999908447266,0.032553261278161744
2022-12-29,121.81999969482422,0.07772640277207259
2022-12-30,123.18000030517578,0.011102159833173808
2023-01-03,108.0999984741211,-0.13058999220665155
2023-01-04,113.63999938964844,0.04997884108534127
2023-01-05,110.33999633789062,-0.02946907696009933
2023-01-06,113.05999755859375,0.02435215499827936
2023-01-09,119.7699966430664,0.057654579278002493
2023-01-10,118.8499984741211,-0.007711027963739906
2023-01-11,123.22000122070312,0.036109204525613114
2023-01-12,123.55999755859375,0.00275546279838757
2023-01-13,122.4000015258789,-0.009432465746951967
2023-01-17,131.49000549316406,0.07163646233055776
2023-01-18,128.77999877929688,-0.020825332244057446
2023-01-19,127.16999816894531,-0.012580752996881307
2023-01-20,133.4199981689453,0.04797727392320426
2023-01-23,143.75,0.07457364612008015
2023-01-24,143.88999938964844,0.0009734348560736818
2023-01-25,144.42999267578125,0.0037457958683397114
2023-01-26,160.27000427246094,0.1040650092615062
2023-01-27,177.89999389648438,0.10436164069972145
2023-01-30,166.66000366210938,-0.06526572943550507
2023-01-31,173.22000122070312,0.03860663902242871
2023-02-01,181.41000366210938,0.04619721319012782
2023-02-02,188.27000427246094,0.03711744228973266
2023-02-03,189.97999572753906,0.009041655543147504
2023-02-06,194.75999450683594,0.024849222136681733
2023-02-07,196.80999755859375,0.010470780820742525
2023-02-08,201.2899932861328,0.02250783702828191
2023-02-09,207.32000732421875,0.029516907690852447
2023-02-10,196.88999938964844,-0.05161833459581209
2023-02-13,194.63999938964844,-0.011493498714308886
2023-02-14,209.25,0.07237801403011461
2023-02-15,214.24000549316406,0.023567198213512965
2023-02-16,202.0399932861328,-0.058631243213632354
2023-02-17,208.30999755859375,0.030561678706295534
2023-02-21,197.3699951171875,-0.05394722804913025
2023-02-22,200.86000061035156,0.017528035977254008
2023-02-23,202.07000732421875,0.006006057267467943
2023-02-24,196.8800048828125,-0.02601977738759486
2023-02-27,207.6300048828125,0.05316324215501689
2023-02-28,205.7100067138672,-0.009290230436857878
2023-03-01,202.77000427246094,-0.014395089751065829
2023-03-02,190.89999389648438,-0.060322654091468045
2023-03-03,197.7899932861328,0.03545612908951283
2023-03-06,193.80999755859375,-0.02032754273314496
2023-03-07,187.7100067138672,-0.03198003067013721
2023-03-08,182.0,-0.03089156736881823
2023-03-09,172.9199981689453,-0.05117763786639216
2023-03-10,173.44000244140625,0.0030026831172517087
2023-03-13,174.47999572753906,0.005978365078895034
2023-03-14,183.25999450683594,0.04909578215581386
2023-03-15,180.4499969482422,-0.015452165385496644
2023-03-16,184.1300048828125,0.020188342220549882
2023-03-17,180.1300048828125,-0.021963216854791676
2023-03-20,183.25,0.01717250122413543
2023-03-21,197.5800018310547,0.07529223411697607
2023-03-22,191.14999389648438,-0.0330851466718186
2023-03-23,192.22000122070312,0.0055821275337720674
2023-03-24,190.41000366210938,-0.009460894526444498
2023-03-27,191.80999755859375,0.007325624786097459
2023-03-28,189.19000244140625,-0.013753472002494866
2023-03-29,193.8800048828125,0.0244876221590413
2023-03-30,195.27999877929688,0.0071949836717746535
2023-03-31,207.4600067138672,0.060504162532241994
2023-04-03,194.77000427246094,-0.06311918518816903
2023-04-04,192.5800018310547,-0.011307735857578558
2023-04-05,185.52000427246094,-0.03734894534323148
2023-04-06,185.05999755859375,-0.002482632348555218
2023-04-10,184.50999450683594,-0.0029764508462149673
2023-04-11,186.7899932861328,0.012281322445656457
2023-04-12,180.5399932861328,-0.03403263254550459
2023-04-13,185.89999389648438,0.029256539212836878
2023-04-14,185.0,-0.004853036816821088
2023-04-17,187.0399932861328,0.010966636750077955
2023-04-18,184.30999755859375,-0.014703352511066695
2023-04-19,180.58999633789062,-0.020389861131667686
2023-04-20,162.99000549316406,-0.10254036525166675
2023-04-21,165.0800018310547,0.012741333042302827
2023-04-24,162.5500030517578,-0.015444550452118741
2023-04-25,160.6699981689453,-0.011633104865311444
2023-04-26,153.75,-0.04402465397224694
2023-04-27,160.19000244140625,0.041032719267455574
2023-04-28,164.30999755859375,0.025394246651119615
2023-05-01,161.8300018310547,-0.015208459761728233
2023-05-02,160.30999755859375,-0.009436987371174365
2023-05-03,160.61000061035156,0.001869644402715088
2023-05-04,161.1999969482422,0.0036667412660127767
2023-05-05,170.05999755859375,0.05350549046047228
2023-05-08,171.7899932861328,0.01012145995502574
2023-05-09,169.14999389648438,-0.015486902413259212
2023-05-10,168.5399932861328,-0.003612788634512576
2023-05-11,172.0800018310547,0.020786425091438347
2023-05-12,167.97999572753906,-0.024114596337054404
2023-05-15,166.35000610351562,-0.009750860107846383
2023-05-16,166.52000427246094,0.0010214088288270423
2023-05-17,173.86000061035156,0.04313493317739194
2023-05-18,176.88999938964844,0.01727768584344739
2023-05-19,180.13999938964844,0.018206255962432197
2023-05-22,188.8699951171875,0.0473245988875953
2023-05-23,185.77000427246094,-0.016549549453013485
2023-05-24,182.89999389648438,-0.015569850375932186
2023-05-25,184.47000122070312,0.008547333224801432
2023-05-26,193.1699981689453,0.04608376548838008
2023-05-30,201.16000366210938,0.040530008769500823
2023-05-31,203.92999267578125,0.013676132280176065
2023-06-01,207.52000427246094,0.017450979367424225
2023-06-02,213.97000122070312,0.030608082827557156
2023-06-05,217.61000061035156,0.016868648629117366
2023-06-06,221.30999755859375,0.0168599499197107
2023-06-07,224.57000732421875,0.01462307267215497
2023-06-08,234.86000061035156,0.04480209933086133
2023-06-09,244.39999389648438,0.03981660778824774
2023-06-12,249.8300018310547,0.021974491562613167
2023-06-13,258.7099914550781,0.03492701634188564
2023-06-14,256.7900085449219,-0.007449046704933148
2023-06-15,255.89999389648438,-0.0034719442089692484
2023-06-16,260.5400085449219,0.01796971375181672
2023-06-20,274.45001220703125,0.05201270640767318
2023-06-21,259.4599914550781,-0.05616662426467672
2023-06-22,264.6099853515625,0.019654473293680905
2023-06-23,256.6000061035156,-0.03073851253541729
2023-06-26,241.0500030517578,-0.06251408245574486
2023-06-27,250.2100067138672,0.03729619858071868
2023-06-28,256.239990234375,0.023813875097039847
2023-06-29,257.5,0.004905252914132209
2023-06-30,261.7699890136719,0.016446493545468958
2023-07-03,279.82000732421875,0.06668035183063045
2023-07-05,282.4800109863281,0.009461225032650612
2023-07-06,276.5400085449219,-0.02125228365266279
2023-07-07,274.42999267578125,-0.007659314226953743
2023-07-10,269.6099853515625,-0.01771977662648564
2023-07-11,269.7900085449219,0.0006674942605875906
2023-07-12,271.989990234375,0.008121354742896705
2023-07-13,277.8999938964844,0.021496049775542363
2023-07-14,281.3800048828125,0.012444771516691934
2023-07-17,290.3800048828125,0.03148434056863512
2023-07-18,293.3399963378906,0.010141906463636843
2023-07-19,291.260009765625,-0.00711596075110357
2023-07-20,262.8999938964844,-0.1024426640636013
2023-07-21,260.0199890136719,-0.011015199637560409
2023-07-24,269.05999755859375,0.03417588510139735
2023-07-25,265.2799987792969,-0.014148526638195701
2023-07-26,264.3500061035156,-0.003511861575139069
2023-07-27,255.7100067138672,-0.03322998965193553
2023-07-28,266.44000244140625,0.041105070589749985
2023-07-31,267.42999267578125,0.0037087357528333273
2023-08-01,261.07000732421875,-0.02406922380883306
2023-08-02,254.11000061035156,-0.027021352113566002
2023-08-03,259.32000732421875,0.020295602012260543
2023-08-04,253.86000061035156,-0.021279912186420162
2023-08-07,251.4499969482422,-0.009538785882980292
2023-08-08,249.6999969482422,-0.00698396541730477
2023-08-09,242.19000244140625,-0.030537632908455258
2023-08-10,245.33999633789062,0.012922436522360333
2023-08-11,242.64999389648438,-0.011024937980288016
2023-08-14,239.75999450683594,-0.011981650600334395
2023-08-15,232.9600067138672,-0.028771606269163794
2023-08-16,225.60000610351562,-0.03210324714965498
2023-08-17,219.22000122070312,-0.02868774932252366
2023-08-18,215.49000549316406,-0.017161267109647337
2023-08-21,231.27999877929688,0.07071456218373605
2023-08-22,233.19000244140625,0.00822448994977978
2023-08-23,236.86000061035156,0.015615669490355368
2023-08-24,230.0399932861328,-0.02921607421029239
2023-08-25,238.58999633789062,0.036493404628287436
2023-08-28,238.82000732421875,0.0009635784854130897
2023-08-29,257.17999267578125,0.07406603958973092
2023-08-30,256.8999938964844,-0.001089320005828064
2023-08-31,258.0799865722656,0.004582681990043304
2023-09-01,245.00999450683594,-0.05197055872941742
2023-09-05,256.489990234375,0.04579063580383254
2023-09-06,251.9199981689453,-0.017978069897591802
2023-09-07,251.49000549316406,-0.0017083203640211426
2023-09-08,248.5,-0.01196040362366716
2023-09-11,273.5799865722656,0.09615118904304938
2023-09-12,267.4800109863281,-0.022549196320499374
2023-09-13,271.29998779296875,0.01418033641106544
2023-09-14,276.0400085449219,0.017320639037477315
2023-09-15,274.3900146484375,-0.0059953082833390835
2023-09-18,265.2799987792969,-0.03376463807907184
2023-09-19,266.5,0.004588376260533905
2023-09-20,262.5899963378906,-0.014780377139554338
2023-09-21,255.6999969482422,-0.026588996104119158
2023-09-22,244.8800048828125,-0.043236555785455495
2023-09-25,246.99000549316406,0.008579557642104906
2023-09-26,244.1199951171875,-0.011687984544270934
2023-09-27,240.5,-0.014939798128788435
2023-09-28,246.3800048828125,0.0241549898062297
2023-09-29,250.22000122070312,0.015465456415727708
2023-10-02,251.60000610351562,0.005500013317318054
2023-10-03,246.52999877929688,-0.020356864105244222
2023-10-04,261.1600036621094,0.05764957536105983
2023-10-05,260.04998779296875,-0.0042593870629195184
2023-10-06,260.5299987792969,0.0018441397469999051
2023-10-09,259.6700134277344,-0.0033063672235030548
2023-10-10,263.6199951171875,0.015097007960672728
2023-10-11,262.989990234375,-0.0023926822540326844
2023-10-12,258.8699951171875,-0.015789985181823882
2023-10-13,251.1199951171875,-0.030395093236742683
2023-10-16,253.9199981689453,0.011088356477393282
2023-10-17,254.85000610351562,0.003655911168542864
2023-10-18,242.67999267578125,-0.04893148784195894
2023-10-19,220.11000061035156,-0.09761624872658338
2023-10-20,211.99000549316406,-0.037588294506417
2023-10-23,212.0800018310547,0.00042444095402800134
2023-10-24,216.52000427246094,0.020719371046622376
2023-10-25,212.4199981689453,-0.01911750338776431
2023-10-26,205.75999450683594,-0.031855023921114375
2023-10-27,207.3000030517578,0.007456619810883741
2023-10-30,197.36000061035156,-0.0491375588495086
2023-10-31,200.83999633789062,0.017479077618859314
2023-11-01,205.66000366210938,0.02371578467512363
2023-11-02,218.50999450683594,0.06060741733192271
2023-11-03,219.9600067138672,0.0066139872231546415
2023-11-06,219.27000427246094,-0.0031418755173999516
2023-11-07,222.17999267578125,0.013183964542986627
2023-11-08,222.11000061035156,-0.0003150737899407528
2023-11-09,209.97999572753906,-0.056160489658582134
2023-11-10,214.64999389648438,0.021996498496030296
2023-11-13,223.7100067138672,0.04134183399945281
2023-11-14,237.41000366210938,0.059438019477541446
2023-11-15,242.83999633789062,0.022614155469065075
2023-11-16,233.58999633789062,-0.03883534904080814
2023-11-17,234.3000030517578,0.0030349323976646067
2023-11-20,235.60000610351562,0.005533119144943252
2023-11-21,241.1999969482422,0.023490974516940124
2023-11-22,234.2100067138672,-0.029408274734311717
2023-11-24,235.4499969482422,0.005280386261856706
2023-11-27,236.0800018310547,0.0026721746625813217
2023-11-28,246.72000122070312,0.04408335693193017
2023-11-29,244.13999938964844,-0.010512266581044115
2023-11-30,240.0800018310547,-0.01676961998268328
2023-12-01,238.8300018310547,-0.005220199323597404
2023-12-04,235.5800018310547,-0.01370144313218934
2023-12-05,238.72000122070312,0.013240755825754019
2023-12-06,239.3699951171875,0.002719129460769398
2023-12-07,242.63999938964844,0.013568409275163597
2023-12-08,243.83999633789062,0.004933396614923965
2023-12-11,239.74000549316406,-0.016957231787828677
2023-12-12,237.00999450683594,-0.011452714531076777
2023-12-13,239.2899932861328,0.009573866272891631
2023-12-14,251.0500030517578,0.04797595720291628
2023-12-15,253.5,0.009711688394547188
2023-12-18,252.0800018310547,-0.0056173183184346845
2023-12-19,257.2200012207031,0.020185249870892544
2023-12-20,247.13999938964844,-0.0399767793773106
2023-12-21,254.5,0.029345860784192233
2023-12-22,252.5399932861328,-0.007731210565404946
2023-12-26,256.6099853515625,0.01598774007390915
2023-12-27,261.44000244140625,0.018647455510860632
2023-12-28,253.17999267578125,-0.032104151730159784
2023-12-29,248.47999572753906,-0.018738327073791184
